{
  "unit": "share",
  "ages": [15, 16, 17, 18, 19, 20, 21, 22, 23, 24, 25, 26, 27, 28, 29, 30, 31, 32, 33, 34, 35, 36, 37, 38, 39, 40, 41, 42, 43, 44, 45, 46, 47, 48, 49],
  "shape": [
    0.0005016, 0.0014704, 0.0033669, 0.0061772, 0.0103549,
    0.0153503, 0.0191981, 0.0251898, 0.0312502, 0.0395369,
    0.0488061, 0.0590648, 0.0672347, 0.0706222, 0.0769299,
    0.0766620, 0.0709039, 0.0680798, 0.0607689, 0.0528327,
    0.0452400, 0.0379084, 0.0313052, 0.0248119, 0.0191775,
    0.0140653, 0.0091181, 0.0058611, 0.0034768, 0.0020751,
    0.0012162, 0.0006802, 0.0003436, 0.0002405, 0.0001787
  ]
}
